<keymap version="1" name="macOS copy" parent="Mac OS X 10.5+">
  <action id="ActivateBitbucketPullRequestsToolWindow">
    <keyboard-shortcut first-keystroke="meta f11" />
  </action>
  <action id="CloseProject">
    <keyboard-shortcut first-keystroke="shift meta w" />
  </action>
  <action id="CompareTwoFiles" />
  <action id="Console.TableResult.CloneRow" />
  <action id="Console.TableResult.CompareCells" />
  <action id="Debug">
    <keyboard-shortcut first-keystroke="shift f9" />
    <keyboard-shortcut first-keystroke="meta d" />
  </action>
  <action id="DebugClass">
    <keyboard-shortcut first-keystroke="shift ctrl d" />
    <keyboard-shortcut first-keystroke="shift ctrl f9" />
    <keyboard-shortcut first-keystroke="shift meta d" />
  </action>
  <action id="Diff.ShowDiff" />
  <action id="Diff.ShowSettingsPopup" />
  <action id="EditorBackSpace">
    <keyboard-shortcut first-keystroke="back_space" />
    <keyboard-shortcut first-keystroke="shift back_space" />
    <keyboard-shortcut first-keystroke="ctrl h" />
  </action>
  <action id="EditorDelete">
    <keyboard-shortcut first-keystroke="delete" />
    <keyboard-shortcut first-keystroke="ctrl d" />
  </action>
  <action id="EditorDuplicate" />
  <action id="EditorNextWord">
    <keyboard-shortcut first-keystroke="alt right" />
    <keyboard-shortcut first-keystroke="ctrl alt f" />
    <keyboard-shortcut first-keystroke="alt f" />
  </action>
  <action id="EditorPreviousWord">
    <keyboard-shortcut first-keystroke="alt left" />
    <keyboard-shortcut first-keystroke="ctrl alt b" />
    <keyboard-shortcut first-keystroke="alt b" />
  </action>
  <action id="FileChooser.GotoDesktop" />
  <action id="GotoFile" />
  <action id="GotoStaplerView" />
  <action id="GuiDesigner.Duplicate" />
  <action id="Maven.Reimport">
    <keyboard-shortcut first-keystroke="meta m" />
  </action>
  <action id="MinimizeCurrentWindow" />
  <action id="MoveTabRight">
    <keyboard-shortcut first-keystroke="meta t" />
  </action>
  <action id="NextTab">
    <keyboard-shortcut first-keystroke="shift meta close_bracket" />
    <keyboard-shortcut first-keystroke="shift ctrl s" />
  </action>
  <action id="OpenProjectWindows">
    <keyboard-shortcut first-keystroke="shift meta o" />
  </action>
  <action id="OptimizeImports">
    <keyboard-shortcut first-keystroke="ctrl meta o" />
  </action>
  <action id="PreviousTab">
    <keyboard-shortcut first-keystroke="shift meta open_bracket" />
    <keyboard-shortcut first-keystroke="ctrl s" />
  </action>
  <action id="ReformatCode">
    <keyboard-shortcut first-keystroke="ctrl meta l" />
  </action>
  <action id="Run">
    <keyboard-shortcut first-keystroke="ctrl r" />
    <keyboard-shortcut first-keystroke="shift f10" />
  </action>
  <action id="RunClass">
    <keyboard-shortcut first-keystroke="shift ctrl r" />
    <keyboard-shortcut first-keystroke="shift ctrl f10" />
  </action>
  <action id="RunDashboard.CopyConfiguration" />
  <action id="Scala.ShowImplicitArguments" />
  <action id="Scala.ShowImplicits">
    <keyboard-shortcut first-keystroke="shift ctrl alt equals" />
    <keyboard-shortcut first-keystroke="shift ctrl alt add" />
  </action>
  <action id="SendEOF" />
  <action id="ToggleInlayHintsGloballyAction">
    <keyboard-shortcut first-keystroke="shift meta p" />
  </action>
  <action id="ToggleInlineHintsAction">
    <keyboard-shortcut first-keystroke="alt p" />
  </action>
  <action id="TypeHierarchy" />
  <action id="Uml.ShowDiff" />
  <action id="UsageGrouping.DirectoryStructure" />
  <action id="UsageGrouping.FileStructure" />
  <action id="Vcs.UpdateProject" />
  <action id="XDebugger.CopyWatch" />
  <action id="openAssertEqualsDiff" />
</keymap>